<?xml version="1.0" encoding="UTF-8"?>
<beans  
    xmlns="http://www.springframework.org/schema/beans"  
    xmlns:xsi="http://www.w3.org/2001/XMLSchema-instance"  
    xmlns:p="http://www.springframework.org/schema/p"  
    xsi:schemaLocation="http://www.springframework.org/schema/beans  
       http://www.springframework.org/schema/beans/spring-beans-3.0.xsd">  
  <bean id="obj1" class="EmployeeSpringCore.Employee">
<property name="empId" value="101"></property>
<property name="name" value="Trupti"></property>
<property name="designation" value="SoftwareEngineer"></property>
<property name="salary" value="10000"></property>
</bean>

 <bean id="obj2" class="EmployeeSpringCore.Employee">
<property name="empId" value="102"></property>
<property name="name" value="Barsha"></property>
<property name="designation" value="Teacher"></property>
<property name="salary" value="20000"></property>
</bean>

</beans>