<?xml version="1.0" encoding="UTF-8"?>
<beans  
    xmlns="http://www.springframework.org/schema/beans"  
    xmlns:xsi="http://www.w3.org/2001/XMLSchema-instance"  
    xmlns:p="http://www.springframework.org/schema/p"  
    xsi:schemaLocation="http://www.springframework.org/schema/beans  
       http://www.springframework.org/schema/beans/spring-beans-3.0.xsd">  
  <bean id="obj1" class="SpringCore.Student">
<property name="name" value="sandip"></property>
<property name="address" value="bangalore"></property>
<property name="email" value="sandip@gmail.com"></property>
</bean>

<bean id="obj2" class="SpringCore.Student">
<property name="name" value="sunil"></property>
<property name="address" value="hyd"></property>
<property name="email" value="sunil@gmail.com"></property>
</bean>

</beans>